"message_id","message","message_utc","from_id","date","time"
"18868","EntÃ£o.  A polÃ­cia  estÃ¡  agindo certo","2022-10-30 17:31:41","1509009561.0","2022-10-30","17:31:41"
"18839","Que se foda esses artistas  caviar","2022-10-30 02:05:13","1509009561.0","2022-10-30","02:05:13"
"18842","Foto de Representante Comercial Zoorg Moda Em Couro","2022-10-30 03:33:42","781773523.0","2022-10-30","03:33:42"
"18844","Ola pessoal acessem o nosso grupo. 

âœ…Sem ofensas
âœ…Entre apenas se tiver maturidade para debates
âœ…Seja bem vindo(a)

Link â¤µï¸
@EspeculandosFatosGrupoficial","2022-10-30 10:45:39","1398487755.0","2022-10-30","10:45:39"
"18846","ğŸ”´ğŸ’£IL MASSONE CONFESSA
ğŸ”¥IL NOTO MASSONE GIULIANO DI BERNARDO DISVELA IL PROSSIMO FUTURO
ğŸ’¥LA GLOBALIZZAZIONE CI CONSEGNERÃ€ UN UNICO GOVERNO MONDIALE SENZA DEMOCRAZIA GESTITO DALL'INTELLIGENZA ARTIFICIALE. AVREMO NUOVE PANDEMIE.
ğŸ´â€â˜ ï¸IL SISTEMA DI CONTROLLO DIGITALE IN STILE CINESE, IL SOCIAL CREDIT, VERRÃ€ INTRODOTTO PER IL TRAMITE DEL PASSAPORTO D'IMPRONTA ECOLOGICA (FOOTPRINT CARD)
â›”Ãˆ IMPORTANTE CHE TU VISIONI TUTTI I SEGUENTI LINK PER AVERE UN QUADRO CHIARO

âš ï¸PROSSIMA PANDEMIA, LO DICONO I LEADER POLITICI DA TUTTO IL MONDO
1ï¸âƒ£ t.me/ugofuoco/1980
2ï¸âƒ£ t.me/ugofuoco/979
3ï¸âƒ£ t.me/ugofuoco/1405

âš ï¸ELON MUSK 'INTELLIGENZA ARTIFICIALE SPAZZERÃ€ VIA IL GENERE UMANO'
â¡ï¸ t.me/ugofuoco/1971

âš ï¸SOCIAL CREDIT CINESE
1ï¸âƒ£ t.me/ugofuoco/648
2ï¸âƒ£ t.me/ugofuoco/637

âš ï¸PASSAPORTO D'IMPRONTA ECOLOGICA
1ï¸âƒ£ t.me/ugofuoco/1515
2ï¸âƒ£ t.me/ugofuoco/1727
3ï¸âƒ£ t.me/ugofuoco/1303
4ï¸âƒ£ t.me/ugofuoco/1621
5ï¸âƒ£ t.me/ugofuoco/1815
6ï¸âƒ£ t.me/ugofuoco/1835
7ï¸âƒ£ t.me/ugofuoco/2071
8ï¸âƒ£ t.me/ugofuoco/2058

âœ…CONDIVIDIAMO

ğŸ”—Unisciti al canale t.me/ugofuoco","2022-10-30 11:25:55","990141449.0","2022-10-30","11:25:55"
"18847","""Revesti-vos de toda a armadura de Deus, para que possais resistir Ã s ciladas do diabo, porque a nossa luta nÃ£o Ã© contra os homens, mas contra as potestades e potestades, contra os prÃ­ncipes deste mundo de trevas..."" EfÃ©sios 6:11-12

- QUE DEUS ABENÃ‡OE NOSSO AMADO BRASIL!

ğŸ‡§ğŸ‡· Ore pelo Brasil ğŸ™ğŸ™ğŸ™

""E se o meu povo, que se chama pelo meu nome, se humilhar, e orar, e buscar a minha face e se converter dos seus maus caminhos, entÃ£o eu ouvirei dos cÃ©us, e perdoarei os seus pecados, e sararei a sua terra."" 2Cr 7:14:

Vamos colocar a nossa naÃ§Ã£o aos pÃ©s do Senhor e ter a certeza da vitÃ³ria 
https://youtu.be/akgoqe7fMFA

Deus, sara essa naÃ§Ã£o com o seu poder, com o Ã³leo da tua unÃ§Ã£o
https://youtu.be/cGYAUYVsibo

FORÃ‡A ğŸ™ğŸ’ªğŸ‡§ğŸ‡·

https://t.me/+v_6PGekSDpo4MWU0","2022-10-30 11:55:24","1531060016.0","2022-10-30","11:55:24"
"18848","FODA-SE A ESQUERDA!

Foda-se o PT, PSDB, PSOL, PCdoB, PDT, REDE, PODEMOS, PSTU, PCO, MDB, PP, PSB...

Taca fogo nessas porras

! âš”ï¸â›“ï¸ğŸ›¡ï¸ğŸ›¢ï¸â›½âš¡ğŸ§¨ğŸ”¥ğŸ´â€â˜ ï¸","2022-10-30 12:01:23","1220384708.0","2022-10-30","12:01:23"
"18849","ğŸ‡§ğŸ‡·

NOSSA BANDEIRA ( E QUE BANDEIRA) JAMAIS SERÃ VERMELHA ! 

BRASILLLLLLLLL

ğŸ¦@selvaeaco","2022-10-30 12:51:42","413045024.0","2022-10-30","12:51:42"
"18850","Telefone 191 da PRF atenderÃ¡ denÃºncias de crimes eleitorais
https://portaltocanews.com.br/noticia/3740/telefone-191-da-prf-atendera-denuncias-de-crimes-eleitorais","2022-10-30 13:17:55","1220384708.0","2022-10-30","13:17:55"
"18851","https://www.youtube.com/shorts/IDCwPCVQMmg","2022-10-30 14:07:49","769207523.0","2022-10-30","14:07:49"
"18853","Mi empresa necesita 50 personas que puedan trabajar en lÃ­nea las 24 horas para recibir veinticinco mil dÃ³lares en todos los dÃ­as hÃ¡biles usando su telÃ©fono inteligente o PC, puede aprovechar esta oportunidad para hacer de esta su segunda fuente de ingresos, este negocio lo pueden hacer personas mayores.Â  o jÃ³venes o discapacitados.Â  ,
Â Â Â Â Â  Solo contÃ¡ctela a travÃ©s de este enlace a continuaciÃ³n.

https://t.me/+xx0wUIIPHVA2OTVk

Â Â Â Â Â  QuÃ©date en casa y gana dinero en lÃ­nea","2022-10-30 14:26:16","5685096856.0","2022-10-30","14:26:16"
"18892","ğŸš¨ VÃDEO que supostamente motivou a PRF a ir pra cima da bandidagem socialista ğŸš¨ 

Ã‰ pra matar o cidadÃ£o honesto de VERGONHA nÃ£o Ã©? 

DEIXEM A POLÃCIA TRABALHAR!!!","2022-10-30 19:12:33","","2022-10-30","19:12:33"
"18854","https://m.youtube.com/watch?v=-LJ27DLrKgQ&feature=youtu.be","2022-10-30 15:00:05","2015665098.0","2022-10-30","15:00:05"
"18858","https://www.youtube.com/watch?v=ijp1nqEnCCw ğŸ‘‡ğŸ¼ğŸ‘‡ğŸ¼ğŸ‘‡ğŸ¼ğŸ‘‡ğŸ¼ğŸ‘‡ğŸ¼                                                                                                                                     Canal do Youtube link abaixo: https://www.youtube.com/channel/UCXNyctc2E1hPIuI9F6jSsNA                                                                                                                                      Canal do Telegram: https://t.me/Apocalipse1_Insurgentes","2022-10-30 16:17:07","769207523.0","2022-10-30","16:17:07"
"18861","https://youtu.be/VjV_I08ueNc","2022-10-30 17:02:27","5047857113.0","2022-10-30","17:02:27"
"18862","Sim a cena Ã© forte, mas as pessoas precisam ter conhecimento do perigo que o Brasil corre. 

Que Deus abenÃ§oe o ğŸ‡§ğŸ‡·","2022-10-30 17:20:27","413045024.0","2022-10-30","17:20:27"
"18921","Sudeste e sul ainda muitos votos para apurar, nordeste acabando","2022-10-30 21:55:08","","2022-10-30","21:55:08"
"18863","ğŸ”¥ğŸ‡§ğŸ‡·ğŸ”¥Em Salvador, hÃ¡ relatos de policiais militares tentando evitar a aÃ§Ã£o da deputada reeleita Olivia Santana (PCdoB/BA). Lembrando que as manifestaÃ§Ãµes polÃ­ticas sÃ£o proibidas, portar bandeiras nas portas eleitorais e coagir votos sÃ£o listados como â€œboca de urnaâ€, sendo um crime eleitoral velado.","2022-10-30 17:21:47","","2022-10-30","17:21:47"
"18864","Diretor da PRF estÃ¡ indo para o TSE

Segundo a jornalista AndrÃ©ia Sadi, o diretor-geral da PRF, Silvinei Vasques, estÃ¡ indo para o Tribunal Superior Eleitoral para falar com o ministro Alexandre de Moraes, presidente da Corte.","2022-10-30 17:22:42","","2022-10-30","17:22:42"
"18865","Alexandre de Moraes farÃ¡ pronunciamento Ã  naÃ§Ã£o Ã s 14h30, sobre a PRF estar impedindo o Nordeste de votar.","2022-10-30 17:22:57","","2022-10-30","17:22:57"
"18866","BatalhÃµes do ExÃ©rcito Brasileiro estÃ£o tomando conta da ponte Rio-NiterÃ³i, no Rio de Janeiro.","2022-10-30 17:24:06","","2022-10-30","17:24:06"
"18867","QuÃ© no te engaÃ±en, somos maravillosos!!! 

Arriba esa vibraciÃ³n, chicos!!! ğŸ’ªğŸ’ªğŸ’ªğŸ’‹ğŸ’‹ğŸ’‹
https://t.me/libertaddepensamiento","2022-10-30 17:27:04","2015665098.0","2022-10-30","17:27:04"
"18869","ğŸ”¥ğŸ‡§ğŸ‡·ğŸ‘â° BRASIL- Crescem denÃºncias de que a PRF estÃ¡ bloqueando passagem de Ã´nibus no Nordeste.","2022-10-30 17:32:45","","2022-10-30","17:32:45"
"18870","âš¡ï¸ Diretor da PRF disse que manterÃ¡ as operaÃ§Ãµes mesmo apÃ³s decisÃ£o do TSE.","2022-10-30 17:33:43","","2022-10-30","17:33:43"
"18871","âš ï¸ â€” Alexandre de Moraes cogita prorrogar horÃ¡rio de votaÃ§Ã£o previsto para terminar Ã s 17h apÃ³s PRF impedir populaÃ§Ã£o nordestina de ir votar.","2022-10-30 17:34:31","","2022-10-30","17:34:31"
"18873","Motivo Ã© as operaÃ§Ãµes da PF e PRF apreensÃ£o de milhÃµes de dinheiro em sÃ©rie q seria usado na compra de votos tem polÃ­ticos do Norte envolvidos....acordem se nÃ£o pagarem a militÃ¢ncia comprada vai dar pega. Pq Lula estÃ¡ mandando no TSE em paralisar Ã© Ã³bvio e td dinheiro jÃ¡ estÃ¡ somado e detectado origem e destino.....clarissimo.","2022-10-30 17:36:09","","2022-10-30","17:36:09"
"18875","âš ï¸ â€” O diretor-geral da PRF, Silvinei Vasques, diz que vai suspender as operaÃ§Ãµes para impedir que pessoas no Nordeste votem. Ele se comprometeu com a decisÃ£o. Alexandre de Moraes falarÃ¡ em instantes","2022-10-30 17:39:21","","2022-10-30","17:39:21"
"18876","âš ï¸ğŸ‘® â€” A PRF realizou 584 aÃ§Ãµes contra Ã´nibus que levam eleitores Ã s urnas. â€” Com a suspensÃ£o cabe Ã s forÃ§as armadas garantir a lei e a ordem. https://t.me/tupiraport","2022-10-30 17:43:19","","2022-10-30","17:43:19"
"18877","ğŸ‡§ğŸ‡· â€” Para assistir Ã  coletiva de imprensa.
https://www.youtube.com/watch?v=T9xQ_qyrmCY","2022-10-30 17:47:31","","2022-10-30","17:47:31"
"18884","TRUMP EXALTA BOLSONARO E CONCLAMA POVO BRASILEIRO A FAZER 'A ESCOLHA CERTA' (VEJA O VÃDEO)
https://www.jornaldacidadeonline.com.br/noticias/43414/trump-exalta-bolsonaro-e-conclama-povo-brasileiro-a-fazer-e39a-escolha-certae39-veja-o-video
""VocÃªs tem a chance de reeleger uma das melhores pessoas da polÃ­tica e um dos maiores lÃ­deres do mundo.""","2022-10-30 18:27:24","1585387556.0","2022-10-30","18:27:24"
"18885","Falta uma 1:30 pra acabar as eleiÃ§Ãµes","2022-10-30 18:29:05","","2022-10-30","18:29:05"
"18886","https://m.youtube.com/watch?v=aYot-dnTWVw&list=PL3qzg5mR0k7bLNclZy-qhbPQmp-r4i7Vw&index=1","2022-10-30 18:41:06","2015665098.0","2022-10-30","18:41:06"
"18888","Alexandre de Moraes estÃ¡ deixando claro que nÃ£o houve prejuÃ­zo aos eleitores na votaÃ§Ã£o em operaÃ§Ãµes da PRF.

Ou seja, temos vÃ¡rios veÃ­culos da ""imprensa"" criando fake news eleitorais e tumultuando o processo.

Essas matÃ©rias mentirosas serÃ£o censuradas???@leandroruschel","2022-10-30 19:03:26","","2022-10-30","19:03:26"
"18889","ğŸ‡§ğŸ‡·ğŸ“¸ â€” VÃ¡rios influenciadores digitais tiraram conclusÃµes precipitadas e erradas sobre a operaÃ§Ã£o da PRF e atrapalharam a eleiÃ§Ã£o sem motivo. Alexandre de Moraes afirmou que nÃ£o houve interferÃªncia na chegada dos eleitores.

AlguÃ©m serÃ¡ punido por isso?","2022-10-30 19:08:19","","2022-10-30","19:08:19"
"18895","Os tesouros escondidos nos levam com a imaginaÃ§Ã£o a um mundo de aventuras de piratas, de caÃ§adores, de desertos da ArÃ¡bia, ou das ilhas do Caribe, muitos tesouros que hoje ainda nÃ£o foram encontrados, como o tesouro dos TemplÃ¡rios, dos CÃ¡taros em MontsÃ©gur , como as minas de ouro de Ofir do sÃ¡bio SalomÃ£o, outros como o El Dorado, o tesouro de Lima e muitos mais.
Alguns desses tesouros estÃ£o associados aos personagens que os esconderam, ou aos navios em que naufragaram.Â Outros sÃ£o tesouros mÃ­ticos custodiados por seres mitolÃ³gicos, sejam gigantes, gÃªnios ou dragÃµes.Â Eles tambÃ©m seus donos de dons, outros enchem de dons e bÃªnÃ§Ã£os e sÃ³ podem ser limpos por meio de um coraÃ§Ã£o e sÃ³ podem ser encantados... e alguns sÃ³ meu coraÃ§Ã£o, porque foram envolvidos em roubos, crimes, ambiÃ§Ãµes.
Isso Ã© assim, vivem ao mundo de A isso suas belas cidades, vivem como cidades mÃ¡gicas, porque sÃ£o seres mÃ¡gicos e outros seres artÃ­sticos e outros representantes da Atltida. , LemÃºria e HiperbÃ³rea.
O paraÃ­so dos tesouros submarinos Ã©, sem dÃºvida, o Mar do Caribe, com seus milhares de navios, galeÃµes, fragatas, navios de guerra afundados desde o descobrimento da AmÃ©rica, mas ao longo da histÃ³ria, ao redor do planeta, encontramos muitos outros como o Tesouro de Alarico, de PrÃ­amo, que levou Ã  descoberta da mÃ­tica cidade de Troia, Iram das Areias, o Tesouro das cavernas de Son Bhandar (Ãndia), O Livro de Safira... e muitos outros ainda por descobrir.

https://www.bitchute.com/video/Z3NfpNlDgrma/","2022-10-30 19:13:54","1759431814.0","2022-10-30","19:13:54"
"18896","ColigaÃ§Ã£o de Lula vai pedir prorrogaÃ§Ã£o de votaÃ§Ã£o no Nordeste. Membros do PT acreditam que a atuaÃ§Ã£o da PRF teria prejudicado o comparecimento dos eleitores do PT.","2022-10-30 19:42:32","","2022-10-30","19:42:32"
"18897","Olha essa aqui . Alterando livro","2022-10-30 19:44:11","","2022-10-30","19:44:11"
"18898","22Leni Tomazia Carneiro Bolsonaro - PT SEMPRE FAZENDO PETECO","2022-10-30 19:45:49","","2022-10-30","19:45:49"
"18899","@TSEjusbr  tirou 700 pÃ¡ginas do ar e cortou 350 impulsionamentos no final de semana.","2022-10-30 19:47:07","","2022-10-30","19:47:07"
"18901","https://t.me/+K0S8Bxgh_AA4Zjhh

Namoro DNA intacto 
Solteiro DNA intacto 

SEM ğŸ’‰ 

Grupo de namoro de Direita
Domingo dia de divulgar","2022-10-30 19:54:19","1220384708.0","2022-10-30","19:54:19"
"18902","â—ï¸ğŸ‡§ğŸ‡·urnas fechadas nas EleiÃ§Ãµes do Brasil. Nossa sorte estÃ¡ selada. Que Deus nos abenÃ§oe.","2022-10-30 20:01:01","","2022-10-30","20:01:01"
"18903","Isso Ã©  mentira","2022-10-30 20:03:00","1509009561.0","2022-10-30","20:03:00"
"18904","https://m.youtube.com/watch?v=0AZGlIBbfqg","2022-10-30 20:11:13","1585387556.0","2022-10-30","20:11:13"
"18905","DAVID ICKE 
El Deep State no es inteligente,es idiota.
No hay que dejar que hagan lo que ellos quieren. 
ğŸ› Ãšğ™£ğ™šğ™©ğ™š ğ™– ğ™¡ğ™– ğ™ğ™šğ™¨ğ™ğ™¨ğ™©ğ™šğ™£ğ™˜ğ™ğ™–  ğŸ§","2022-10-30 20:46:50","2015665098.0","2022-10-30","20:46:50"
"18906","Assista a ""ACABOU de ACONTECER 30.10 #rio"" no YouTube
https://youtu.be/W5e3c_ck78Q","2022-10-30 21:02:02","822921815.0","2022-10-30","21:02:02"
"18907","âš¡ï¸Bolsonaro comeÃ§ou a diminuir a desvantagem nos maiores estados do nordeste, mas na contagem nacional Lula se aproxima. Qual a lÃ³gica nisso?","2022-10-30 21:13:45","","2022-10-30","21:13:45"
"18908","Olha isso, ATAQUES CIBERNÃ‰TICOS em tempo real âš ï¸ Interessante, nÃ£o?","2022-10-30 21:15:13","1220384708.0","2022-10-30","21:15:13"
"18909","ğŸ¤”","2022-10-30 21:15:13","1509009561.0","2022-10-30","21:15:13"
"18911","10% em 10% lula cresce mesmo perdendo?","2022-10-30 21:16:17","","2022-10-30","21:16:17"
"18912","O que estÃ£o achando Goins  ???

No Mundo Maligno do YHWH deuxxxsss de Israel, quem manda sÃ£o as Trevas  !!!","2022-10-30 21:20:52","","2022-10-30","21:20:52"
"18913","URGENTE: Moraes tem reuniÃ£o com cÃºpula do judiciÃ¡rio e Senado.","2022-10-30 21:21:19","","2022-10-30","21:21:19"
"18914","ğŸ¤¡ Com 50% de apuraÃ§Ã£o dos votos cada candidato terÃ¡ 50% do total. Que coincidÃªncia. ğŸ¤¡","2022-10-30 21:23:35","","2022-10-30","21:23:35"
"18915","#EleiÃ§Ãµes2022

ğŸ›‘ğŸ‡ºğŸ‡¸ğŸ”¥ğŸ‡§ğŸ‡· ATENÃ‡ÃƒO! - Segundo o site Kaspersky, empresa especializada em ciberseguranÃ§a, esta ocorrendo um grande volume de tentativas e de ataques aos sistemas brasileiros vindas diretamente dos Estados Unidos.","2022-10-30 21:28:13","","2022-10-30","21:28:13"
"18916","ğŸ—³TarcÃ­sio de Freitas Ã© eleito governador de SÃ£o Paulo.","2022-10-30 21:30:08","","2022-10-30","21:30:08"
"18919","ğŸ”´ğŸ’£NANOBOT AUTOASSEMBLANTI NEI VACCINI SI AGGREGANO ATTRAVERSO CAMPI ELETTROMAGNETICI
ğŸ”¥QUESTO Ãˆ CIÃ’ CHE EMERGE DALLO STUDIO DEL DR. DAVID NIXON CHE CHIEDE DI INTERROMPERE PERENTORIAMENTE LE VACCINAZIONI FINCHÃˆ QUESTO FENOMENO NON VENGA CHIARITO
ğŸ’¥NON ABBIAMO CERTEZZE A RIGUARDO MA LE INDAGINI INDIPENDENTI SUI VACCINI SI MOLTIPLICANO NEL MONDO ED IL RISULTARE PARE ESSERE SEMPRE IL MEDESIMO
ğŸ´â€â˜ ï¸Ãˆ IMPORTANTE CHE TU VISIONI I SEGUENTI CONTENUTI PER APPROFONDIRE QUESTO ARGOMENTO

âš ï¸NANOPARTICELLE AUTOASSEMBLANTI 
â¡ï¸ t.me/ugofuoco/1921

âš ï¸GRAFENE NEL SANGUE, LO STUDIO ITALIANO
â¡ï¸ t.me/ugofuoco/1811

âš ï¸GRAFENE NEI VACCINI ED IDROGEL DELLA DARPA (PT. 2)
â¡ï¸ t.me/ugofuoco/2051

âš ï¸SCHWAB 'CAMBIAMO I GENI CON I PRODOTTI GENICI'
â¡ï¸ t.me/ugofuoco/1772

âš ï¸SCHWAB 'NANOTECNOLOGIE PER CAMBIARE LA BIOLOGIA UMANA'
â¡ï¸ t.me/ugofuoco/1853

âš ï¸HARARI 'CONTROLLEREMO L'ESSERE UMANO DALL'INTERNO'
â¡ï¸ t.me/ugofuoco/1319

âš ï¸STRUTTURE SCONOSCIUTE SI AGGLOMERANO NEL SANGUE
â¡ï¸ t.me/ugofuoco/2113

âœ…CONDIVIDIAMO

ğŸ”—Unisciti al canale t.me/ugofuoco","2022-10-30 21:47:25","990141449.0","2022-10-30","21:47:25"
"18920","Lula jÃ¡ Ã© dado como presidente em New York ğŸ¤®ğŸ¤®ğŸ¤®","2022-10-30 21:54:55","","2022-10-30","21:54:55"
"18922","Brasil sofrendo grande nÃºmero de ataques cibernÃ©ticos neste momento

Rumores de que o ExÃ©rcito pegou o algoritmo durante o uso.

Supostamente seria este o motivo da saÃ­da de Bolsonaro as pressas.

Esta informaÃ§Ã£o foi dada por Aedson Galdino.","2022-10-30 22:04:00","","2022-10-30","22:04:00"
"18924","Lembram disso?","2022-10-30 22:11:29","1034937490.0","2022-10-30","22:11:29"
"18925","Q para iniciantes absolutos

Pediram-me para resumir as questÃµes bÃ¡sicas como uma introduÃ§Ã£o ao nosso grupo e para Q em geral. No entanto, sem fazer uma pergunta de antemÃ£o, isso acaba sendo bastante difÃ­cil. EntÃ£o eu vou fazer um pouco diferente.

Por favor, assista a este pequeno vÃ­deo primeiro, porque jÃ¡ Ã© a liÃ§Ã£o nÂº 1 para entender Q:
EsqueÃ§a tudo o que vocÃª acha que sabe e especialmente o que vocÃª acha que sabe sobre Q. O verdadeiro conhecimento estÃ¡ em outro lugar - dentro de vocÃª.

Q Ã© baseado na atividade de todos que querem fazer parte desta famÃ­lia. NÃ³s. os Anons e Soldados Digitais. Todos em sua prÃ³pria onda com exatamente as perguntas que sÃ£o importantes para essa pessoa agora. A intuiÃ§Ã£o e o sentimento desempenham um papel importante e vocÃª geralmente obtÃ©m uma resposta especÃ­fica e Ãºtil. Pelo menos uma palavra de encorajamento Ã© sempre incluÃ­da.

Onde e como vocÃª comeÃ§a no Q agora?

Em primeiro lugar, o objetivo do indivÃ­duo Ã© deixar o medo e atingir a clareza bÃ¡sica. AtravÃ©s de suas perguntas, outros podem usar suas respostas para superar especificamente os obstÃ¡culos no espÃ­rito e, assim, dar-lhe o impulso decisivo para dissolver seu medo.

Eu recomendo os seguintes termos para vocÃª comeÃ§ar:
+O que sÃ£o leis universais? 
+ Por que Q Ã© bÃ­blico?
+O que Ã© controle?
+Como funciona o carma?
+O que significa Think Mirror?
+Como funciona a retÃ³rica?
+O que Ã© trollar e por quÃª?
+Gatekeeper/MaÃ§om/IA quÃ¢ntica no Telegram
+ Por que existe Corona e como funciona o Plano Q?
+O que sÃ£o memes?
+O que sÃ£o anons e soldados digitais?

Q Ã© a chave mestra para entender o Plano, o controle da mÃ­dia e a si mesmo. As respostas que vocÃª procura sÃ³ podem ser encontradas na simplicidade atravÃ©s de filtragem direcionada e omissÃ£o com base nas leis universais. Ajudamos vocÃª a reduzir e simplificar seus pensamentos. Como resultado, nesta simplicidade, a clareza Ã© apenas uma consequÃªncia lÃ³gica.

Todos sÃ£o bem-vindos neste grupo, e Ã© um princÃ­pio firme de Q, baseado no CÃ³digo Anon, que acomodamos qualquer pessoa que realmente queira, e sempre fazemos o nosso melhor para tornar as coisas confortÃ¡veis   para todos. O todo, a comunidade estÃ¡ sempre em primeiro plano e todos nÃ³s nos esforÃ§amos para preservÃ¡-la. Ã‰ assim que garantimos a proteÃ§Ã£o (carmÃ¡tica) para todos neste grupo.

Cuidamos uns dos outros no nÃ­vel do coraÃ§Ã£o e acima de tudo, cada voto conta. #QFamily 

VocÃª estÃ¡ cordialmente convidado para o nosso grupo principal t.me/GuerreirosDaLUZchat.

Q canal mais espicÃ­fico:
t.me/eusouQ

â programa obrigatÃ³rioâ¬³ ğŸ§ âœ¨
QAnon - O GRANDE DESPERTAR ğŸ”¥
ATIVISMO - como participar na luta â€¼ï¸

ğŸ’› WWG1WGA ğŸŒâœ¨
_
Joana Alice // www.linktr.ee/ameninaveneno ğŸ¦‹","2022-10-30 22:29:10","1220384708.0","2022-10-30","22:29:10"
"18927","Bem vindo ao socialismo 2023","2022-10-30 22:39:50","","2022-10-30","22:39:50"
"18928","Ã‰ verdade. Por isso que esse paÃ­s nÃ£o vai para frente meu amigo. InaceitÃ¡vel algo assim.","2022-10-30 23:03:40","1526098051.0","2022-10-30","23:03:40"
"18931","https://youtu.be/OQ7EgoIlgjU","2022-10-30 23:26:52","1177745084.0","2022-10-30","23:26:52"
"18932","ğŸ˜”ğŸ˜”ğŸ˜”ğŸ˜”","2022-10-30 23:27:49","696593132.0","2022-10-30","23:27:49"
"18934","Â¡Los domingos toca documental!. para hoy hemos rescatado de las tinieblas este trabajo de investigaciÃ³n de la cadena britÃ¡nica Channel4 que desmonta con argumentos y testimonios cientÃ­ficos todo el entramado de mentiras sobre el cambio climÃ¡tico. Â¿CÃ³mo es posible que una cadena de este calibre emitiera un documental tan negacionista en 2007?. Eran otros tiempos, tiempos en los que Blackrock y Vanguard todavÃ­a no habÃ­an extendido sus tentÃ¡culos a la totalidad de los medios de comunicaciÃ³n del planeta. Â¡Que ustedes lo disfruten!","2022-10-30 23:33:07","2015665098.0","2022-10-30","23:33:07"
"18935","60 milhÃµes??","2022-10-30 23:44:45","","2022-10-30","23:44:45"
